,ID,E_Brent,C_Gas,C_Perfo,VPN_Basica,VPN_incremental,VPN_Total,capex_T,capex_B,capex_I,opex_B,opex_T,opex_I,volumen_B_LE,volumen_I_LE,volumen_T_LE,LE_year_B,LE_year_T,LE_year_I,lc_B,dc_B,lc_T,dc_T,lc_I,dc_I,opex_ing_b,capex_ing_b,impuesto_ing_b,ingreso_ing_b,abandono_ing_b
0,0,40,6,950000,34909.4877,-22838.9163,12070.5714,77369.5534,0,77369.5534,996858.466,1049324.4076,52465.9416,12.580449239419396,4.657736755088523,17.23818599450792,2030.0,2031.0,2031.0,18.1264,0,16.958,3.6979,13.4073,14.9333,239372.3725,71469.5446,19156.1031,354664.4434,12595.8518
1,1,45,6,950000,69959.6848,-13138.5843,56821.1006,77369.5534,0,77369.5534,996858.466,1049324.4076,52465.9416,13.955177034163455,4.702101025488559,18.657278059652015,2032.0,2033.0,2033.0,18.8632,0,17.6335,3.4135,13.5076,14.8616,255141.4466,71469.5446,38074.1266,431916.0132,10409.7949
2,2,50,6,950000,105985.6944,-4471.0099,101514.6845,77369.5534,0,77369.5534,996858.466,1049324.4076,52465.9416,15.055493633830446,4.154114039887161,19.20960767371761,2034.0,2034.0,2034.0,19.6715,0,18.017,3.3133,11.1163,17.1361,261532.6832,71469.5446,57028.8496,501009.2118,9463.4499
3,3,55,6,950000,142017.3327,4743.3392,146760.6718,77369.5534,0,77369.5534,996858.466,1049324.4076,52465.9416,15.525215809263823,4.171650995284624,19.69686680454845,2035.0,2035.0,2035.0,20.0966,0,18.417,3.2295,11.2234,17.0643,267195.7972,71469.5446,76270.0412,570299.1911,8603.1363
4,4,60,6,950000,178465.5129,13945.6872,192411.2,77369.5534,0,77369.5534,996858.466,1049324.4076,52465.9416,15.949446168957065,4.181301848920974,20.130748017878037,2036.0,2036.0,2036.0,20.5343,0,18.8293,3.1582,11.3436,17.023,272232.1858,71469.5446,95729.9128,639663.8763,7821.033
5,5,65,6,950000,215683.4958,22670.0906,238353.5864,77369.5534,0,77369.5534,996858.466,1049324.4076,52465.9416,16.676402742903615,3.8412691172459126,20.517671860149527,2038.0,2037.0,2037.0,21.449,0,19.2504,3.0971,8.1151,18.7836,276708.8027,71469.5446,115350.4511,708992.4148,7110.03
6,6,70,6,950000,252133.0184,32402.2922,284535.3107,77369.5534,0,77369.5534,996858.466,1049324.4076,52465.9416,16.676402742903615,4.186779583427487,20.863182326331103,2038.0,2038.0,2038.0,21.449,0,19.6725,3.0445,11.5284,17.0006,280659.5674,71469.5446,135085.6845,778213.7709,6463.6636
7,7,40,6,1000000,34909.4877,-24852.7297,10056.758,80019.5534,0,80019.5534,996858.466,1049324.4076,52465.9416,12.580449239419396,4.657736755088523,17.23818599450792,2030.0,2031.0,2031.0,18.1264,0,16.958,3.8245,13.4073,15.4448,239372.3725,73996.2205,18643.2407,354664.4434,12595.8518
8,8,45,6,1000000,69959.6848,-15141.5731,54818.1117,80019.5534,0,80019.5534,996858.466,1049324.4076,52465.9416,13.955177034163455,4.702101025488559,18.657278059652015,2032.0,2033.0,2033.0,18.8632,0,17.6335,3.5304,13.5076,15.3706,255141.4466,73996.2205,37550.4396,431916.0132,10409.7949
9,9,50,6,1000000,105985.6944,-6480.3977,99505.2967,80019.5534,0,80019.5534,996858.466,1049324.4076,52465.9416,15.055493633830446,4.154114039887161,19.20960767371761,2034.0,2034.0,2034.0,19.6715,0,18.017,3.4268,11.1163,17.723,261532.6832,73996.2205,56511.5615,501009.2118,9463.4499
10,10,55,6,1000000,142017.3327,2727.7697,144745.1024,80019.5534,0,80019.5534,996858.466,1049324.4076,52465.9416,15.525215809263823,4.171650995284624,19.69686680454845,2035.0,2035.0,2035.0,20.0966,0,18.417,3.3401,11.2234,17.6488,267195.7972,73996.2205,75758.9348,570299.1911,8603.1363
11,11,60,6,1000000,178465.5129,11924.2687,190389.7815,80019.5534,0,80019.5534,996858.466,1049324.4076,52465.9416,15.949446168957065,4.181301848920974,20.130748017878037,2036.0,2036.0,2036.0,20.5343,0,18.8293,3.2664,11.3436,17.6061,272232.1858,73996.2205,95224.6555,639663.8763,7821.033
12,12,65,6,1000000,215683.4958,20643.2259,236326.7217,80019.5534,0,80019.5534,996858.466,1049324.4076,52465.9416,16.676402742903615,3.8412691172459126,20.517671860149527,2038.0,2037.0,2037.0,21.449,0,19.2504,3.2032,8.1151,19.4269,276708.8027,73996.2205,114850.6399,708992.4148,7110.03
13,13,70,6,1000000,252133.0184,30370.3844,282503.4028,80019.5534,0,80019.5534,996858.466,1049324.4076,52465.9416,16.676402742903615,4.186779583427487,20.863182326331103,2038.0,2038.0,2038.0,21.449,0,19.6725,3.1488,11.5284,17.5829,280659.5674,73996.2205,134590.9165,778213.7709,6463.6636
14,14,40,6,1050000,34909.4877,-26866.5431,8042.9445,82669.5534,0,82669.5534,996858.466,1049324.4076,52465.9416,12.580449239419396,4.657736755088523,17.23818599450792,2030.0,2031.0,2031.0,18.1264,0,16.958,3.9512,13.4073,15.9563,239372.3725,76522.8964,18130.3782,354664.4434,12595.8518
15,15,45,6,1050000,69959.6848,-17144.562,52815.1228,82669.5534,0,82669.5534,996858.466,1049324.4076,52465.9416,13.955177034163455,4.702101025488559,18.657278059652015,2032.0,2033.0,2033.0,18.8632,0,17.6335,3.6473,13.5076,15.8797,255141.4466,76522.8964,37026.7526,431916.0132,10409.7949
16,16,50,6,1050000,105985.6944,-8489.7855,97495.9089,82669.5534,0,82669.5534,996858.466,1049324.4076,52465.9416,15.055493633830446,4.154114039887161,19.20960767371761,2034.0,2034.0,2034.0,19.6715,0,18.017,3.5403,11.1163,18.31,261532.6832,76522.8964,55994.2735,501009.2118,9463.4499
17,17,55,6,1050000,142017.3327,712.2003,142729.5329,82669.5534,0,82669.5534,996858.466,1049324.4076,52465.9416,15.525215809263823,4.171650995284624,19.69686680454845,2035.0,2035.0,2035.0,20.0966,0,18.417,3.4507,11.2234,18.2332,267195.7972,76522.8964,75247.8284,570299.1911,8603.1363
18,18,60,6,1050000,178465.5129,9902.8501,188368.363,82669.5534,0,82669.5534,996858.466,1049324.4076,52465.9416,15.949446168957065,4.181301848920974,20.130748017878037,2036.0,2036.0,2036.0,20.5343,0,18.8293,3.3745,11.3436,18.1891,272232.1858,76522.8964,94719.3982,639663.8763,7821.033
19,19,65,6,1050000,215683.4958,18616.3612,234299.8571,82669.5534,0,82669.5534,996858.466,1049324.4076,52465.9416,16.676402742903615,3.8412691172459126,20.517671860149527,2038.0,2037.0,2037.0,21.449,0,19.2504,3.3093,8.1151,20.0703,276708.8027,76522.8964,114350.8287,708992.4148,7110.03
20,20,70,6,1050000,252133.0184,28338.4765,280471.4949,82669.5534,0,82669.5534,996858.466,1049324.4076,52465.9416,16.676402742903615,4.186779583427487,20.863182326331103,2038.0,2038.0,2038.0,21.449,0,19.6725,3.2531,11.5284,18.1651,280659.5674,76522.8964,134096.1485,778213.7709,6463.6636
21,21,40,6,1100000,34909.4877,-28880.3565,6029.1311,85319.5534,0,85319.5534,996858.466,1049324.4076,52465.9416,12.580449239419396,4.657736755088523,17.23818599450792,2030.0,2031.0,2031.0,18.1264,0,16.958,4.0778,13.4073,16.4678,239372.3725,79049.5722,17617.5158,354664.4434,12595.8518
22,22,45,6,1100000,69959.6848,-19147.5508,50812.134,85319.5534,0,85319.5534,996858.466,1049324.4076,52465.9416,13.955177034163455,4.702101025488559,18.657278059652015,2032.0,2033.0,2033.0,18.8632,0,17.6335,3.7642,13.5076,16.3887,255141.4466,79049.5722,36503.0655,431916.0132,10409.7949
23,23,50,6,1100000,105985.6944,-10499.1733,95486.5211,85319.5534,0,85319.5534,996858.466,1049324.4076,52465.9416,15.055493633830446,4.154114039887161,19.20960767371761,2034.0,2034.0,2034.0,19.6715,0,18.017,3.6538,11.1163,18.8969,261532.6832,79049.5722,55476.9854,501009.2118,9463.4499
24,24,55,6,1100000,142017.3327,-1303.3692,140713.9635,85319.5534,0,85319.5534,996858.466,1049324.4076,52465.9416,15.525215809263823,4.171650995284624,19.69686680454845,2035.0,2035.0,2035.0,20.0966,0,18.417,3.5613,11.2234,18.8177,267195.7972,79049.5722,74736.722,570299.1911,8603.1363
25,25,60,6,1100000,178465.5129,7881.4316,186346.9445,85319.5534,0,85319.5534,996858.466,1049324.4076,52465.9416,15.949446168957065,4.181301848920974,20.130748017878037,2036.0,2036.0,2036.0,20.5343,0,18.8293,3.4827,11.3436,18.7722,272232.1858,79049.5722,94214.1408,639663.8763,7821.033
26,26,65,6,1100000,215683.4958,16589.4966,232272.9924,85319.5534,0,85319.5534,996858.466,1049324.4076,52465.9416,16.676402742903615,3.8412691172459126,20.517671860149527,2038.0,2037.0,2037.0,21.449,0,19.2504,3.4154,8.1151,20.7137,276708.8027,79049.5722,113851.0176,708992.4148,7110.03
27,27,70,6,1100000,252133.0184,26306.5686,278439.5871,85319.5534,0,85319.5534,996858.466,1049324.4076,52465.9416,16.676402742903615,4.186779583427487,20.863182326331103,2038.0,2038.0,2038.0,21.449,0,19.6725,3.3574,11.5284,18.7474,280659.5674,79049.5722,133601.3806,778213.7709,6463.6636
28,28,40,6,1150000,34909.4877,-30894.17,4015.3177,87969.5534,0,87969.5534,996858.466,1049324.4076,52465.9416,12.580449239419396,4.657736755088523,17.23818599450792,2030.0,2031.0,2031.0,18.1264,0,16.958,4.2045,13.4073,16.9793,239372.3725,81576.2481,17104.6533,354664.4434,12595.8518
29,29,45,6,1150000,69959.6848,-21155.335,48804.3498,87969.5534,0,87969.5534,996858.466,1049324.4076,52465.9416,13.955177034163455,4.702101025488559,18.657278059652015,2032.0,2033.0,2033.0,18.8632,0,17.6335,3.8811,13.5076,16.8977,255141.4466,81576.2481,35984.1738,431916.0132,10409.7949
30,30,50,6,1150000,105985.6944,-12508.5611,93477.1333,87969.5534,0,87969.5534,996858.466,1049324.4076,52465.9416,15.055493633830446,4.154114039887161,19.20960767371761,2034.0,2034.0,2034.0,19.6715,0,18.017,3.7673,11.1163,19.4838,261532.6832,81576.2481,54959.6974,501009.2118,9463.4499
31,31,55,6,1150000,142017.3327,-3318.9387,138698.394,87969.5534,0,87969.5534,996858.466,1049324.4076,52465.9416,15.525215809263823,4.171650995284624,19.69686680454845,2035.0,2035.0,2035.0,20.0966,0,18.417,3.6719,11.2234,19.4022,267195.7972,81576.2481,74225.6156,570299.1911,8603.1363
32,32,60,6,1150000,178465.5129,5860.0131,184325.5259,87969.5534,0,87969.5534,996858.466,1049324.4076,52465.9416,15.949446168957065,4.181301848920974,20.130748017878037,2036.0,2036.0,2036.0,20.5343,0,18.8293,3.5909,11.3436,19.3552,272232.1858,81576.2481,93708.8835,639663.8763,7821.033
33,33,65,6,1150000,215683.4958,14562.6319,230246.1277,87969.5534,0,87969.5534,996858.466,1049324.4076,52465.9416,16.676402742903615,3.8412691172459126,20.517671860149527,2038.0,2037.0,2037.0,21.449,0,19.2504,3.5215,8.1151,21.357,276708.8027,81576.2481,113351.2064,708992.4148,7110.03
34,34,70,6,1150000,252133.0184,24274.6608,276407.6792,87969.5534,0,87969.5534,996858.466,1049324.4076,52465.9416,16.676402742903615,4.186779583427487,20.863182326331103,2038.0,2038.0,2038.0,21.449,0,19.6725,3.4616,11.5284,19.3297,280659.5674,81576.2481,133106.6126,778213.7709,6463.6636
35,35,40,6,1200000,34909.4877,-32907.9834,2001.5043,90619.5534,0,90619.5534,996858.466,1049324.4076,52465.9416,12.580449239419396,4.657736755088523,17.23818599450792,2030.0,2031.0,2031.0,18.1264,0,16.958,4.3311,13.4073,17.4907,239372.3725,84102.924,16591.7909,354664.4434,12595.8518
36,36,45,6,1200000,69959.6848,-23170.6357,46789.0491,90619.5534,0,90619.5534,996858.466,1049324.4076,52465.9416,13.955177034163455,4.702101025488559,18.657278059652015,2032.0,2033.0,2033.0,18.8632,0,17.6335,3.9981,13.5076,17.4068,255141.4466,84102.924,35472.7987,431916.0132,10409.7949
37,37,50,6,1200000,105985.6944,-14517.9489,91467.7455,90619.5534,0,90619.5534,996858.466,1049324.4076,52465.9416,15.055493633830446,4.154114039887161,19.20960767371761,2034.0,2034.0,2034.0,19.6715,0,18.017,3.8807,11.1163,20.0708,261532.6832,84102.924,54442.4093,501009.2118,9463.4499
38,38,55,6,1200000,142017.3327,-5334.5081,136682.8246,90619.5534,0,90619.5534,996858.466,1049324.4076,52465.9416,15.525215809263823,4.171650995284624,19.69686680454845,2035.0,2035.0,2035.0,20.0966,0,18.417,3.7825,11.2234,19.9867,267195.7972,84102.924,73714.5092,570299.1911,8603.1363
39,39,60,6,1200000,178465.5129,3838.5946,182304.1074,90619.5534,0,90619.5534,996858.466,1049324.4076,52465.9416,15.949446168957065,4.181301848920974,20.130748017878037,2036.0,2036.0,2036.0,20.5343,0,18.8293,3.6991,11.3436,19.9383,272232.1858,84102.924,93203.6261,639663.8763,7821.033
40,40,65,6,1200000,215683.4958,12535.7672,228219.263,90619.5534,0,90619.5534,996858.466,1049324.4076,52465.9416,16.676402742903615,3.8412691172459126,20.517671860149527,2038.0,2037.0,2037.0,21.449,0,19.2504,3.6275,8.1151,22.0004,276708.8027,84102.924,112851.3952,708992.4148,7110.03
41,41,70,6,1200000,252133.0184,22242.7529,274375.7713,90619.5534,0,90619.5534,996858.466,1049324.4076,52465.9416,16.676402742903615,4.186779583427487,20.863182326331103,2038.0,2038.0,2038.0,21.449,0,19.6725,3.5659,11.5284,19.912,280659.5674,84102.924,132611.8446,778213.7709,6463.6636
42,42,40,6,1250000,34909.4877,-34921.7968,-12.3091,93269.5534,0,93269.5534,996858.466,1049324.4076,52465.9416,12.580449239419396,4.657736755088523,17.23818599450792,2030.0,2031.0,2031.0,18.1264,0,16.958,4.4578,13.4073,18.0022,239372.3725,86629.5998,16078.9284,354664.4434,12595.8518
43,43,45,6,1250000,69959.6848,-25185.9364,44773.7485,93269.5534,0,93269.5534,996858.466,1049324.4076,52465.9416,13.955177034163455,4.702101025488559,18.657278059652015,2032.0,2033.0,2033.0,18.8632,0,17.6335,4.115,13.5076,17.9158,255141.4466,86629.5998,34961.4235,431916.0132,10409.7949
44,44,50,6,1250000,105985.6944,-16527.3367,89458.3577,93269.5534,0,93269.5534,996858.466,1049324.4076,52465.9416,15.055493633830446,4.154114039887161,19.20960767371761,2034.0,2034.0,2034.0,19.6715,0,18.017,3.9942,11.1163,20.6577,261532.6832,86629.5998,53925.1213,501009.2118,9463.4499
45,45,55,6,1250000,142017.3327,-7350.0776,134667.2551,93269.5534,0,93269.5534,996858.466,1049324.4076,52465.9416,15.525215809263823,4.171650995284624,19.69686680454845,2035.0,2035.0,2035.0,20.0966,0,18.417,3.8932,11.2234,20.5711,267195.7972,86629.5998,73203.4028,570299.1911,8603.1363
46,46,60,6,1250000,178465.5129,1817.176,180282.6889,93269.5534,0,93269.5534,996858.466,1049324.4076,52465.9416,15.949446168957065,4.181301848920974,20.130748017878037,2036.0,2036.0,2036.0,20.5343,0,18.8293,3.8072,11.3436,20.5214,272232.1858,86629.5998,92698.3688,639663.8763,7821.033
47,47,65,6,1250000,215683.4958,10508.9025,226192.3983,93269.5534,0,93269.5534,996858.466,1049324.4076,52465.9416,16.676402742903615,3.8412691172459126,20.517671860149527,2038.0,2037.0,2037.0,21.449,0,19.2504,3.7336,8.1151,22.6437,276708.8027,86629.5998,112351.584,708992.4148,7110.03
48,48,70,6,1250000,252133.0184,20210.845,272343.8635,93269.5534,0,93269.5534,996858.466,1049324.4076,52465.9416,16.676402742903615,4.186779583427487,20.863182326331103,2038.0,2038.0,2038.0,21.449,0,19.6725,3.6702,11.5284,20.4943,280659.5674,86629.5998,132117.0766,778213.7709,6463.6636
49,49,40,7,950000,34909.4877,-24926.045,9983.4427,77369.5534,0,77369.5534,996858.466,1054082.1962,57223.7302,12.580449239419396,4.657736755088523,17.23818599450792,2030.0,2031.0,2031.0,18.1264,0,17.1816,3.6979,14.3104,14.9333,242159.6075,71469.5446,18455.9967,354664.4434,12595.8518
50,50,45,7,950000,69959.6848,-15109.8531,54849.8317,77369.5534,0,77369.5534,996858.466,1054082.1962,57223.7302,13.955177034163455,4.702101025488559,18.657278059652015,2032.0,2033.0,2033.0,18.8632,0,17.8434,3.4135,14.4215,14.8616,257957.5449,71469.5446,37229.2971,431916.0132,10409.7949
51,51,50,7,950000,105985.6944,-6442.2787,99543.4157,77369.5534,0,77369.5534,996858.466,1054082.1962,57223.7302,15.055493633830446,4.154114039887161,19.20960767371761,2034.0,2034.0,2034.0,19.6715,0,18.2208,3.3133,12.1701,17.1361,264348.7815,71469.5446,56184.0201,501009.2118,9463.4499
52,52,55,7,950000,142017.3327,2772.0703,144789.403,77369.5534,0,77369.5534,996858.466,1054082.1962,57223.7302,15.525215809263823,4.171650995284624,19.69686680454845,2035.0,2035.0,2035.0,20.0966,0,18.6156,3.2295,12.2728,17.0643,270011.8955,71469.5446,75425.2117,570299.1911,8603.1363
53,53,60,7,950000,178465.5129,11974.4183,190439.9312,77369.5534,0,77369.5534,996858.466,1054082.1962,57223.7302,15.949446168957065,4.181301848920974,20.130748017878037,2036.0,2036.0,2036.0,20.5343,0,19.0235,3.1582,12.3904,17.023,275048.2842,71469.5446,94885.0833,639663.8763,7821.033
54,54,65,7,950000,215683.4958,20698.8218,236382.3176,77369.5534,0,77369.5534,996858.466,1054082.1962,57223.7302,16.676402742903615,3.8412691172459126,20.517671860149527,2038.0,2037.0,2037.0,21.449,0,19.4408,3.0971,9.2702,18.7836,279524.9011,71469.5446,114505.6216,708992.4148,7110.03
55,55,70,7,950000,252133.0184,30431.0234,282564.0418,77369.5534,0,77369.5534,996858.466,1054082.1962,57223.7302,16.676402742903615,4.186779583427487,20.863182326331103,2038.0,2038.0,2038.0,21.449,0,19.8598,3.0445,12.5739,17.0006,283475.6658,71469.5446,134240.855,778213.7709,6463.6636
56,56,40,7,1000000,34909.4877,-26939.8584,7969.6293,80019.5534,0,80019.5534,996858.466,1054082.1962,57223.7302,12.580449239419396,4.657736755088523,17.23818599450792,2030.0,2031.0,2031.0,18.1264,0,17.1816,3.8245,14.3104,15.4448,242159.6075,73996.2205,17943.1343,354664.4434,12595.8518
57,57,45,7,1000000,69959.6848,-17112.842,52846.8429,80019.5534,0,80019.5534,996858.466,1054082.1962,57223.7302,13.955177034163455,4.702101025488559,18.657278059652015,2032.0,2033.0,2033.0,18.8632,0,17.8434,3.5304,14.4215,15.3706,257957.5449,73996.2205,36705.6101,431916.0132,10409.7949
58,58,50,7,1000000,105985.6944,-8451.6665,97534.0279,80019.5534,0,80019.5534,996858.466,1054082.1962,57223.7302,15.055493633830446,4.154114039887161,19.20960767371761,2034.0,2034.0,2034.0,19.6715,0,18.2208,3.4268,12.1701,17.723,264348.7815,73996.2205,55666.732,501009.2118,9463.4499
59,59,55,7,1000000,142017.3327,756.5009,142773.8335,80019.5534,0,80019.5534,996858.466,1054082.1962,57223.7302,15.525215809263823,4.171650995284624,19.69686680454845,2035.0,2035.0,2035.0,20.0966,0,18.6156,3.3401,12.2728,17.6488,270011.8955,73996.2205,74914.1053,570299.1911,8603.1363
60,60,60,7,1000000,178465.5129,9952.9998,188418.5127,80019.5534,0,80019.5534,996858.466,1054082.1962,57223.7302,15.949446168957065,4.181301848920974,20.130748017878037,2036.0,2036.0,2036.0,20.5343,0,19.0235,3.2664,12.3904,17.6061,275048.2842,73996.2205,94379.826,639663.8763,7821.033
61,61,65,7,1000000,215683.4958,18671.9571,234355.4529,80019.5534,0,80019.5534,996858.466,1054082.1962,57223.7302,16.676402742903615,3.8412691172459126,20.517671860149527,2038.0,2037.0,2037.0,21.449,0,19.4408,3.2032,9.2702,19.4269,279524.9011,73996.2205,114005.8104,708992.4148,7110.03
62,62,70,7,1000000,252133.0184,28399.1155,280532.134,80019.5534,0,80019.5534,996858.466,1054082.1962,57223.7302,16.676402742903615,4.186779583427487,20.863182326331103,2038.0,2038.0,2038.0,21.449,0,19.8598,3.1488,12.5739,17.5829,283475.6658,73996.2205,133746.087,778213.7709,6463.6636
63,63,40,7,1050000,34909.4877,-28953.6718,5955.8159,82669.5534,0,82669.5534,996858.466,1054082.1962,57223.7302,12.580449239419396,4.657736755088523,17.23818599450792,2030.0,2031.0,2031.0,18.1264,0,17.1816,3.9512,14.3104,15.9563,242159.6075,76522.8964,17430.2718,354664.4434,12595.8518
64,64,45,7,1050000,69959.6848,-19115.8308,50843.854,82669.5534,0,82669.5534,996858.466,1054082.1962,57223.7302,13.955177034163455,4.702101025488559,18.657278059652015,2032.0,2033.0,2033.0,18.8632,0,17.8434,3.6473,14.4215,15.8797,257957.5449,76522.8964,36181.923,431916.0132,10409.7949
65,65,50,7,1050000,105985.6944,-10461.0544,95524.6401,82669.5534,0,82669.5534,996858.466,1054082.1962,57223.7302,15.055493633830446,4.154114039887161,19.20960767371761,2034.0,2034.0,2034.0,19.6715,0,18.2208,3.5403,12.1701,18.31,264348.7815,76522.8964,55149.444,501009.2118,9463.4499
66,66,55,7,1050000,142017.3327,-1259.0686,140758.2641,82669.5534,0,82669.5534,996858.466,1054082.1962,57223.7302,15.525215809263823,4.171650995284624,19.69686680454845,2035.0,2035.0,2035.0,20.0966,0,18.6156,3.4507,12.2728,18.2332,270011.8955,76522.8964,74402.9989,570299.1911,8603.1363
67,67,60,7,1050000,178465.5129,7931.5813,186397.0941,82669.5534,0,82669.5534,996858.466,1054082.1962,57223.7302,15.949446168957065,4.181301848920974,20.130748017878037,2036.0,2036.0,2036.0,20.5343,0,19.0235,3.3745,12.3904,18.1891,275048.2842,76522.8964,93874.5687,639663.8763,7821.033
68,68,65,7,1050000,215683.4958,16645.0924,232328.5882,82669.5534,0,82669.5534,996858.466,1054082.1962,57223.7302,16.676402742903615,3.8412691172459126,20.517671860149527,2038.0,2037.0,2037.0,21.449,0,19.4408,3.3093,9.2702,20.0703,279524.9011,76522.8964,113505.9992,708992.4148,7110.03
69,69,70,7,1050000,252133.0184,26367.2077,278500.2261,82669.5534,0,82669.5534,996858.466,1054082.1962,57223.7302,16.676402742903615,4.186779583427487,20.863182326331103,2038.0,2038.0,2038.0,21.449,0,19.8598,3.2531,12.5739,18.1651,283475.6658,76522.8964,133251.319,778213.7709,6463.6636
70,70,40,7,1100000,34909.4877,-30967.4852,3942.0025,85319.5534,0,85319.5534,996858.466,1054082.1962,57223.7302,12.580449239419396,4.657736755088523,17.23818599450792,2030.0,2031.0,2031.0,18.1264,0,17.1816,4.0778,14.3104,16.4678,242159.6075,79049.5722,16917.4094,354664.4434,12595.8518
71,71,45,7,1100000,69959.6848,-21119.9622,48839.7227,85319.5534,0,85319.5534,996858.466,1054082.1962,57223.7302,13.955177034163455,4.702101025488559,18.657278059652015,2032.0,2033.0,2033.0,18.8632,0,17.8434,3.7642,14.4215,16.3887,257957.5449,79049.5722,35659.3785,431916.0132,10409.7949
72,72,50,7,1100000,105985.6944,-12470.4422,93515.2523,85319.5534,0,85319.5534,996858.466,1054082.1962,57223.7302,15.055493633830446,4.154114039887161,19.20960767371761,2034.0,2034.0,2034.0,19.6715,0,18.2208,3.6538,12.1701,18.8969,264348.7815,79049.5722,54632.1559,501009.2118,9463.4499
73,73,55,7,1100000,142017.3327,-3274.638,138742.6946,85319.5534,0,85319.5534,996858.466,1054082.1962,57223.7302,15.525215809263823,4.171650995284624,19.69686680454845,2035.0,2035.0,2035.0,20.0966,0,18.6156,3.5613,12.2728,18.8177,270011.8955,79049.5722,73891.8925,570299.1911,8603.1363
74,74,60,7,1100000,178465.5129,5910.1628,184375.6756,85319.5534,0,85319.5534,996858.466,1054082.1962,57223.7302,15.949446168957065,4.181301848920974,20.130748017878037,2036.0,2036.0,2036.0,20.5343,0,19.0235,3.4827,12.3904,18.7722,275048.2842,79049.5722,93369.3113,639663.8763,7821.033
75,75,65,7,1100000,215683.4958,14618.2277,230301.7235,85319.5534,0,85319.5534,996858.466,1054082.1962,57223.7302,16.676402742903615,3.8412691172459126,20.517671860149527,2038.0,2037.0,2037.0,21.449,0,19.4408,3.4154,9.2702,20.7137,279524.9011,79049.5722,113006.188,708992.4148,7110.03
76,76,70,7,1100000,252133.0184,24335.2998,276468.3182,85319.5534,0,85319.5534,996858.466,1054082.1962,57223.7302,16.676402742903615,4.186779583427487,20.863182326331103,2038.0,2038.0,2038.0,21.449,0,19.8598,3.3574,12.5739,18.7474,283475.6658,79049.5722,132756.551,778213.7709,6463.6636
77,77,40,7,1150000,34909.4877,-32981.2986,1928.189,87969.5534,0,87969.5534,996858.466,1054082.1962,57223.7302,12.580449239419396,4.657736755088523,17.23818599450792,2030.0,2031.0,2031.0,18.1264,0,17.1816,4.2045,14.3104,16.9793,242159.6075,81576.2481,16404.5469,354664.4434,12595.8518
78,78,45,7,1150000,69959.6848,-23135.2628,46824.422,87969.5534,0,87969.5534,996858.466,1054082.1962,57223.7302,13.955177034163455,4.702101025488559,18.657278059652015,2032.0,2033.0,2033.0,18.8632,0,17.8434,3.8811,14.4215,16.8977,257957.5449,81576.2481,35148.0033,431916.0132,10409.7949
79,79,50,7,1150000,105985.6944,-14479.83,91505.8644,87969.5534,0,87969.5534,996858.466,1054082.1962,57223.7302,15.055493633830446,4.154114039887161,19.20960767371761,2034.0,2034.0,2034.0,19.6715,0,18.2208,3.7673,12.1701,19.4838,264348.7815,81576.2481,54114.8679,501009.2118,9463.4499
80,80,55,7,1150000,142017.3327,-5290.2075,136727.1252,87969.5534,0,87969.5534,996858.466,1054082.1962,57223.7302,15.525215809263823,4.171650995284624,19.69686680454845,2035.0,2035.0,2035.0,20.0966,0,18.6156,3.6719,12.2728,19.4022,270011.8955,81576.2481,73380.7861,570299.1911,8603.1363
81,81,60,7,1150000,178465.5129,3888.7442,182354.2571,87969.5534,0,87969.5534,996858.466,1054082.1962,57223.7302,15.949446168957065,4.181301848920974,20.130748017878037,2036.0,2036.0,2036.0,20.5343,0,19.0235,3.5909,12.3904,19.3552,275048.2842,81576.2481,92864.054,639663.8763,7821.033
82,82,65,7,1150000,215683.4958,12591.363,228274.8588,87969.5534,0,87969.5534,996858.466,1054082.1962,57223.7302,16.676402742903615,3.8412691172459126,20.517671860149527,2038.0,2037.0,2037.0,21.449,0,19.4408,3.5215,9.2702,21.357,279524.9011,81576.2481,112506.3769,708992.4148,7110.03
83,83,70,7,1150000,252133.0184,22303.3919,274436.4103,87969.5534,0,87969.5534,996858.466,1054082.1962,57223.7302,16.676402742903615,4.186779583427487,20.863182326331103,2038.0,2038.0,2038.0,21.449,0,19.8598,3.4616,12.5739,19.3297,283475.6658,81576.2481,132261.7831,778213.7709,6463.6636
84,84,40,7,1200000,34909.4877,-35017.7866,-108.2989,90619.5534,0,90619.5534,996858.466,1054082.1962,57223.7302,12.580449239419396,4.657736755088523,17.23818599450792,2030.0,2031.0,2031.0,18.1264,0,17.1816,4.3311,14.3104,17.4907,242159.6075,84102.924,15914.359,354664.4434,12595.8518
85,85,45,7,1200000,69959.6848,-25150.5635,44809.1213,90619.5534,0,90619.5534,996858.466,1054082.1962,57223.7302,13.955177034163455,4.702101025488559,18.657278059652015,2032.0,2033.0,2033.0,18.8632,0,17.8434,3.9981,14.4215,17.4068,257957.5449,84102.924,34636.6282,431916.0132,10409.7949
86,86,50,7,1200000,105985.6944,-16489.2178,89496.4766,90619.5534,0,90619.5534,996858.466,1054082.1962,57223.7302,15.055493633830446,4.154114039887161,19.20960767371761,2034.0,2034.0,2034.0,19.6715,0,18.2208,3.8807,12.1701,20.0708,264348.7815,84102.924,53597.5798,501009.2118,9463.4499
87,87,55,7,1200000,142017.3327,-7305.777,134711.5557,90619.5534,0,90619.5534,996858.466,1054082.1962,57223.7302,15.525215809263823,4.171650995284624,19.69686680454845,2035.0,2035.0,2035.0,20.0966,0,18.6156,3.7825,12.2728,19.9867,270011.8955,84102.924,72869.6797,570299.1911,8603.1363
88,88,60,7,1200000,178465.5129,1867.3257,180332.8386,90619.5534,0,90619.5534,996858.466,1054082.1962,57223.7302,15.949446168957065,4.181301848920974,20.130748017878037,2036.0,2036.0,2036.0,20.5343,0,19.0235,3.6991,12.3904,19.9383,275048.2842,84102.924,92358.7966,639663.8763,7821.033
89,89,65,7,1200000,215683.4958,10564.4983,226247.9942,90619.5534,0,90619.5534,996858.466,1054082.1962,57223.7302,16.676402742903615,3.8412691172459126,20.517671860149527,2038.0,2037.0,2037.0,21.449,0,19.4408,3.6275,9.2702,22.0004,279524.9011,84102.924,112006.5657,708992.4148,7110.03
90,90,70,7,1200000,252133.0184,20271.4841,272404.5025,90619.5534,0,90619.5534,996858.466,1054082.1962,57223.7302,16.676402742903615,4.186779583427487,20.863182326331103,2038.0,2038.0,2038.0,21.449,0,19.8598,3.5659,12.5739,19.912,283475.6658,84102.924,131767.0151,778213.7709,6463.6636
91,91,40,7,1250000,34909.4877,-37059.8157,-2150.328,93269.5534,0,93269.5534,996858.466,1054082.1962,57223.7302,12.580449239419396,4.657736755088523,17.23818599450792,2030.0,2031.0,2031.0,18.1264,0,17.1816,4.4578,14.3104,18.0022,242159.6075,86629.5998,15429.7123,354664.4434,12595.8518
92,92,45,7,1250000,69959.6848,-27165.8642,42793.8206,93269.5534,0,93269.5534,996858.466,1054082.1962,57223.7302,13.955177034163455,4.702101025488559,18.657278059652015,2032.0,2033.0,2033.0,18.8632,0,17.8434,4.115,14.4215,17.9158,257957.5449,86629.5998,34125.253,431916.0132,10409.7949
93,93,50,7,1250000,105985.6944,-18498.6056,87487.0888,93269.5534,0,93269.5534,996858.466,1054082.1962,57223.7302,15.055493633830446,4.154114039887161,19.20960767371761,2034.0,2034.0,2034.0,19.6715,0,18.2208,3.9942,12.1701,20.6577,264348.7815,86629.5998,53080.2918,501009.2118,9463.4499
94,94,55,7,1250000,142017.3327,-9321.3464,132695.9863,93269.5534,0,93269.5534,996858.466,1054082.1962,57223.7302,15.525215809263823,4.171650995284624,19.69686680454845,2035.0,2035.0,2035.0,20.0966,0,18.6156,3.8932,12.2728,20.5711,270011.8955,86629.5998,72358.5732,570299.1911,8603.1363
95,95,60,7,1250000,178465.5129,-154.0928,178311.4201,93269.5534,0,93269.5534,996858.466,1054082.1962,57223.7302,15.949446168957065,4.181301848920974,20.130748017878037,2036.0,2036.0,2036.0,20.5343,0,19.0235,3.8072,12.3904,20.5214,275048.2842,86629.5998,91853.5393,639663.8763,7821.033
96,96,65,7,1250000,215683.4958,8537.6337,224221.1295,93269.5534,0,93269.5534,996858.466,1054082.1962,57223.7302,16.676402742903615,3.8412691172459126,20.517671860149527,2038.0,2037.0,2037.0,21.449,0,19.4408,3.7336,9.2702,22.6437,279524.9011,86629.5998,111506.7545,708992.4148,7110.03
97,97,70,7,1250000,252133.0184,18239.5762,270372.5946,93269.5534,0,93269.5534,996858.466,1054082.1962,57223.7302,16.676402742903615,4.186779583427487,20.863182326331103,2038.0,2038.0,2038.0,21.449,0,19.8598,3.6702,12.5739,20.4943,283475.6658,86629.5998,131272.2471,778213.7709,6463.6636
98,98,40,8,950000,34909.4877,-27013.1736,7896.314,77369.5534,0,77369.5534,996858.466,1058839.9847,61981.5187,12.580449239419396,4.657736755088523,17.23818599450792,2030.0,2031.0,2031.0,18.1264,0,17.4052,3.6979,15.2136,14.9333,244946.8426,71469.5446,17755.8904,354664.4434,12595.8518
99,99,45,8,950000,69959.6848,-17081.122,52878.5629,77369.5534,0,77369.5534,996858.466,1058839.9847,61981.5187,13.955177034163455,4.702101025488559,18.657278059652015,2032.0,2033.0,2033.0,18.8632,0,18.0533,3.4135,15.3355,14.8616,260773.6433,71469.5446,36384.4676,431916.0132,10409.7949
100,100,50,8,950000,105985.6944,-8413.5476,97572.1468,77369.5534,0,77369.5534,996858.466,1058839.9847,61981.5187,15.055493633830446,4.154114039887161,19.20960767371761,2034.0,2034.0,2034.0,19.6715,0,18.4245,3.3133,13.2238,17.1361,267164.8799,71469.5446,55339.1906,501009.2118,9463.4499
101,101,55,8,950000,142017.3327,800.8015,142818.1341,77369.5534,0,77369.5534,996858.466,1058839.9847,61981.5187,15.525215809263823,4.171650995284624,19.69686680454845,2035.0,2035.0,2035.0,20.0966,0,18.8142,3.2295,13.3221,17.0643,272827.9939,71469.5446,74580.3822,570299.1911,8603.1363
102,102,60,8,950000,178465.5129,10003.1495,188468.6623,77369.5534,0,77369.5534,996858.466,1058839.9847,61981.5187,15.949446168957065,4.181301848920974,20.130748017878037,2036.0,2036.0,2036.0,20.5343,0,19.2177,3.1582,13.4372,17.023,277864.3825,71469.5446,94040.2538,639663.8763,7821.033
103,103,65,8,950000,215683.4958,18727.5529,234411.0487,77369.5534,0,77369.5534,996858.466,1058839.9847,61981.5187,16.676402742903615,3.8412691172459126,20.517671860149527,2038.0,2037.0,2037.0,21.449,0,19.6313,3.0971,10.4253,18.7836,282340.9994,71469.5446,113660.7921,708992.4148,7110.03
104,104,70,8,950000,252133.0184,28459.7545,280592.773,77369.5534,0,77369.5534,996858.466,1058839.9847,61981.5187,16.676402742903615,4.186779583427487,20.863182326331103,2038.0,2038.0,2038.0,21.449,0,20.047,3.0445,13.6193,17.0006,286291.7641,71469.5446,133396.0255,778213.7709,6463.6636
105,105,40,8,1000000,34909.4877,-29026.9871,5882.5006,80019.5534,0,80019.5534,996858.466,1058839.9847,61981.5187,12.580449239419396,4.657736755088523,17.23818599450792,2030.0,2031.0,2031.0,18.1264,0,17.4052,3.8245,15.2136,15.4448,244946.8426,73996.2205,17243.0279,354664.4434,12595.8518
106,106,45,8,1000000,69959.6848,-19084.1108,50875.574,80019.5534,0,80019.5534,996858.466,1058839.9847,61981.5187,13.955177034163455,4.702101025488559,18.657278059652015,2032.0,2033.0,2033.0,18.8632,0,18.0533,3.5304,15.3355,15.3706,260773.6433,73996.2205,35860.7805,431916.0132,10409.7949
107,107,50,8,1000000,105985.6944,-10422.9354,95562.759,80019.5534,0,80019.5534,996858.466,1058839.9847,61981.5187,15.055493633830446,4.154114039887161,19.20960767371761,2034.0,2034.0,2034.0,19.6715,0,18.4245,3.4268,13.2238,17.723,267164.8799,73996.2205,54821.9025,501009.2118,9463.4499
108,108,55,8,1000000,142017.3327,-1214.768,140802.5647,80019.5534,0,80019.5534,996858.466,1058839.9847,61981.5187,15.525215809263823,4.171650995284624,19.69686680454845,2035.0,2035.0,2035.0,20.0966,0,18.8142,3.3401,13.3221,17.6488,272827.9939,73996.2205,74069.2758,570299.1911,8603.1363
109,109,60,8,1000000,178465.5129,7981.731,186447.2438,80019.5534,0,80019.5534,996858.466,1058839.9847,61981.5187,15.949446168957065,4.181301848920974,20.130748017878037,2036.0,2036.0,2036.0,20.5343,0,19.2177,3.2664,13.4372,17.6061,277864.3825,73996.2205,93534.9965,639663.8763,7821.033
110,110,65,8,1000000,215683.4958,16700.6882,232384.184,80019.5534,0,80019.5534,996858.466,1058839.9847,61981.5187,16.676402742903615,3.8412691172459126,20.517671860149527,2038.0,2037.0,2037.0,21.449,0,19.6313,3.2032,10.4253,19.4269,282340.9994,73996.2205,113160.9809,708992.4148,7110.03
111,111,70,8,1000000,252133.0184,26427.8467,278560.8651,80019.5534,0,80019.5534,996858.466,1058839.9847,61981.5187,16.676402742903615,4.186779583427487,20.863182326331103,2038.0,2038.0,2038.0,21.449,0,20.047,3.1488,13.6193,17.5829,286291.7641,73996.2205,132901.2575,778213.7709,6463.6636
112,112,40,8,1050000,34909.4877,-31061.7098,3847.7778,82669.5534,0,82669.5534,996858.466,1058839.9847,61981.5187,12.580449239419396,4.657736755088523,17.23818599450792,2030.0,2031.0,2031.0,18.1264,0,17.4052,3.9512,15.2136,15.9563,244946.8426,76522.8964,16751.0748,354664.4434,12595.8518
113,113,45,8,1050000,69959.6848,-21087.0997,48872.5852,82669.5534,0,82669.5534,996858.466,1058839.9847,61981.5187,13.955177034163455,4.702101025488559,18.657278059652015,2032.0,2033.0,2033.0,18.8632,0,18.0533,3.6473,15.3355,15.8797,260773.6433,76522.8964,35337.0935,431916.0132,10409.7949
114,114,50,8,1050000,105985.6944,-12432.3232,93553.3712,82669.5534,0,82669.5534,996858.466,1058839.9847,61981.5187,15.055493633830446,4.154114039887161,19.20960767371761,2034.0,2034.0,2034.0,19.6715,0,18.4245,3.5403,13.2238,18.31,267164.8799,76522.8964,54304.6145,501009.2118,9463.4499
115,115,55,8,1050000,142017.3327,-3230.3374,138786.9952,82669.5534,0,82669.5534,996858.466,1058839.9847,61981.5187,15.525215809263823,4.171650995284624,19.69686680454845,2035.0,2035.0,2035.0,20.0966,0,18.8142,3.4507,13.3221,18.2332,272827.9939,76522.8964,73558.1694,570299.1911,8603.1363
116,116,60,8,1050000,178465.5129,5960.3124,184425.8253,82669.5534,0,82669.5534,996858.466,1058839.9847,61981.5187,15.949446168957065,4.181301848920974,20.130748017878037,2036.0,2036.0,2036.0,20.5343,0,19.2177,3.3745,13.4372,18.1891,277864.3825,76522.8964,93029.7392,639663.8763,7821.033
117,117,65,8,1050000,215683.4958,14673.8235,230357.3194,82669.5534,0,82669.5534,996858.466,1058839.9847,61981.5187,16.676402742903615,3.8412691172459126,20.517671860149527,2038.0,2037.0,2037.0,21.449,0,19.6313,3.3093,10.4253,20.0703,282340.9994,76522.8964,112661.1697,708992.4148,7110.03
118,118,70,8,1050000,252133.0184,24395.9388,276528.9572,82669.5534,0,82669.5534,996858.466,1058839.9847,61981.5187,16.676402742903615,4.186779583427487,20.863182326331103,2038.0,2038.0,2038.0,21.449,0,20.047,3.2531,13.6193,18.1651,286291.7641,76522.8964,132406.4895,778213.7709,6463.6636
119,119,40,8,1100000,34909.4877,-33103.739,1805.7487,85319.5534,0,85319.5534,996858.466,1058839.9847,61981.5187,12.580449239419396,4.657736755088523,17.23818599450792,2030.0,2031.0,2031.0,18.1264,0,17.4052,4.0778,15.2136,16.4678,244946.8426,79049.5722,16266.4281,354664.4434,12595.8518
120,120,45,8,1100000,69959.6848,-23099.89,46859.7948,85319.5534,0,85319.5534,996858.466,1058839.9847,61981.5187,13.955177034163455,4.702101025488559,18.657278059652015,2032.0,2033.0,2033.0,18.8632,0,18.0533,3.7642,15.3355,16.3887,260773.6433,79049.5722,34823.208,431916.0132,10409.7949
121,121,50,8,1100000,105985.6944,-14441.711,91543.9834,85319.5534,0,85319.5534,996858.466,1058839.9847,61981.5187,15.055493633830446,4.154114039887161,19.20960767371761,2034.0,2034.0,2034.0,19.6715,0,18.4245,3.6538,13.2238,18.8969,267164.8799,79049.5722,53787.3264,501009.2118,9463.4499
122,122,55,8,1100000,142017.3327,-5245.9069,136771.4258,85319.5534,0,85319.5534,996858.466,1058839.9847,61981.5187,15.525215809263823,4.171650995284624,19.69686680454845,2035.0,2035.0,2035.0,20.0966,0,18.8142,3.5613,13.3221,18.8177,272827.9939,79049.5722,73047.063,570299.1911,8603.1363
123,123,60,8,1100000,178465.5129,3938.8939,182404.4068,85319.5534,0,85319.5534,996858.466,1058839.9847,61981.5187,15.949446168957065,4.181301848920974,20.130748017878037,2036.0,2036.0,2036.0,20.5343,0,19.2177,3.4827,13.4372,18.7722,277864.3825,79049.5722,92524.4818,639663.8763,7821.033
124,124,65,8,1100000,215683.4958,12646.9589,228330.4547,85319.5534,0,85319.5534,996858.466,1058839.9847,61981.5187,16.676402742903615,3.8412691172459126,20.517671860149527,2038.0,2037.0,2037.0,21.449,0,19.6313,3.4154,10.4253,20.7137,282340.9994,79049.5722,112161.3585,708992.4148,7110.03
125,125,70,8,1100000,252133.0184,22364.0309,274497.0494,85319.5534,0,85319.5534,996858.466,1058839.9847,61981.5187,16.676402742903615,4.186779583427487,20.863182326331103,2038.0,2038.0,2038.0,21.449,0,20.047,3.3574,13.6193,18.7474,286291.7641,79049.5722,131911.7215,778213.7709,6463.6636
126,126,40,8,1150000,34909.4877,-35145.7681,-236.2805,87969.5534,0,87969.5534,996858.466,1058839.9847,61981.5187,12.580449239419396,4.657736755088523,17.23818599450792,2030.0,2031.0,2031.0,18.1264,0,17.4052,4.2045,15.2136,16.9793,244946.8426,81576.2481,15781.7814,354664.4434,12595.8518
127,127,45,8,1150000,69959.6848,-25115.1907,44844.4942,87969.5534,0,87969.5534,996858.466,1058839.9847,61981.5187,13.955177034163455,4.702101025488559,18.657278059652015,2032.0,2033.0,2033.0,18.8632,0,18.0533,3.8811,15.3355,16.8977,260773.6433,81576.2481,34311.8328,431916.0132,10409.7949
128,128,50,8,1150000,105985.6944,-16451.0988,89534.5956,87969.5534,0,87969.5534,996858.466,1058839.9847,61981.5187,15.055493633830446,4.154114039887161,19.20960767371761,2034.0,2034.0,2034.0,19.6715,0,18.4245,3.7673,13.2238,19.4838,267164.8799,81576.2481,53270.0384,501009.2118,9463.4499
129,129,55,8,1150000,142017.3327,-7261.4763,134755.8563,87969.5534,0,87969.5534,996858.466,1058839.9847,61981.5187,15.525215809263823,4.171650995284624,19.69686680454845,2035.0,2035.0,2035.0,20.0966,0,18.8142,3.6719,13.3221,19.4022,272827.9939,81576.2481,72535.9566,570299.1911,8603.1363
130,130,60,8,1150000,178465.5129,1917.4754,180382.9883,87969.5534,0,87969.5534,996858.466,1058839.9847,61981.5187,15.949446168957065,4.181301848920974,20.130748017878037,2036.0,2036.0,2036.0,20.5343,0,19.2177,3.5909,13.4372,19.3552,277864.3825,81576.2481,92019.2245,639663.8763,7821.033
131,131,65,8,1150000,215683.4958,10620.0942,226303.59,87969.5534,0,87969.5534,996858.466,1058839.9847,61981.5187,16.676402742903615,3.8412691172459126,20.517671860149527,2038.0,2037.0,2037.0,21.449,0,19.6313,3.5215,10.4253,21.357,282340.9994,81576.2481,111661.5474,708992.4148,7110.03
132,132,70,8,1150000,252133.0184,20332.1231,272465.1415,87969.5534,0,87969.5534,996858.466,1058839.9847,61981.5187,16.676402742903615,4.186779583427487,20.863182326331103,2038.0,2038.0,2038.0,21.449,0,20.047,3.4616,13.6193,19.3297,286291.7641,81576.2481,131416.9535,778213.7709,6463.6636
133,133,40,8,1200000,34909.4877,-37187.7973,-2278.3096,90619.5534,0,90619.5534,996858.466,1058839.9847,61981.5187,12.580449239419396,4.657736755088523,17.23818599450792,2030.0,2031.0,2031.0,18.1264,0,17.4052,4.3311,15.2136,17.4907,244946.8426,84102.924,15297.1347,354664.4434,12595.8518
134,134,45,8,1200000,69959.6848,-27130.4914,42829.1935,90619.5534,0,90619.5534,996858.466,1058839.9847,61981.5187,13.955177034163455,4.702101025488559,18.657278059652015,2032.0,2033.0,2033.0,18.8632,0,18.0533,3.9981,15.3355,17.4068,260773.6433,84102.924,33800.4576,431916.0132,10409.7949
135,135,50,8,1200000,105985.6944,-18460.4866,87525.2078,90619.5534,0,90619.5534,996858.466,1058839.9847,61981.5187,15.055493633830446,4.154114039887161,19.20960767371761,2034.0,2034.0,2034.0,19.6715,0,18.4245,3.8807,13.2238,20.0708,267164.8799,84102.924,52752.7503,501009.2118,9463.4499
136,136,55,8,1200000,142017.3327,-9277.0458,132740.2869,90619.5534,0,90619.5534,996858.466,1058839.9847,61981.5187,15.525215809263823,4.171650995284624,19.69686680454845,2035.0,2035.0,2035.0,20.0966,0,18.8142,3.7825,13.3221,19.9867,272827.9939,84102.924,72024.8501,570299.1911,8603.1363
137,137,60,8,1200000,178465.5129,-103.9431,178361.5697,90619.5534,0,90619.5534,996858.466,1058839.9847,61981.5187,15.949446168957065,4.181301848920974,20.130748017878037,2036.0,2036.0,2036.0,20.5343,0,19.2177,3.6991,13.4372,19.9383,277864.3825,84102.924,91513.9671,639663.8763,7821.033
138,138,65,8,1200000,215683.4958,8593.2295,224276.7253,90619.5534,0,90619.5534,996858.466,1058839.9847,61981.5187,16.676402742903615,3.8412691172459126,20.517671860149527,2038.0,2037.0,2037.0,21.449,0,19.6313,3.6275,10.4253,22.0004,282340.9994,84102.924,111161.7362,708992.4148,7110.03
139,139,70,8,1200000,252133.0184,18300.2152,270433.2336,90619.5534,0,90619.5534,996858.466,1058839.9847,61981.5187,16.676402742903615,4.186779583427487,20.863182326331103,2038.0,2038.0,2038.0,21.449,0,20.047,3.5659,13.6193,19.912,286291.7641,84102.924,130922.1856,778213.7709,6463.6636
140,140,40,8,1250000,34909.4877,-39229.8264,-4320.3388,93269.5534,0,93269.5534,996858.466,1058839.9847,61981.5187,12.580449239419396,4.657736755088523,17.23818599450792,2030.0,2031.0,2031.0,18.1264,0,17.4052,4.4578,15.2136,18.0022,244946.8426,86629.5998,14812.488,354664.4434,12595.8518
141,141,45,8,1250000,69959.6848,-29145.792,40813.8928,93269.5534,0,93269.5534,996858.466,1058839.9847,61981.5187,13.955177034163455,4.702101025488559,18.657278059652015,2032.0,2033.0,2033.0,18.8632,0,18.0533,4.115,15.3355,17.9158,260773.6433,86629.5998,33289.0825,431916.0132,10409.7949
142,142,50,8,1250000,105985.6944,-20469.8744,85515.82,93269.5534,0,93269.5534,996858.466,1058839.9847,61981.5187,15.055493633830446,4.154114039887161,19.20960767371761,2034.0,2034.0,2034.0,19.6715,0,18.4245,3.9942,13.2238,20.6577,267164.8799,86629.5998,52235.4623,501009.2118,9463.4499
143,143,55,8,1250000,142017.3327,-11292.6153,130724.7174,93269.5534,0,93269.5534,996858.466,1058839.9847,61981.5187,15.525215809263823,4.171650995284624,19.69686680454845,2035.0,2035.0,2035.0,20.0966,0,18.8142,3.8932,13.3221,20.5711,272827.9939,86629.5998,71513.7437,570299.1911,8603.1363
144,144,60,8,1250000,178465.5129,-2125.3616,176340.1512,93269.5534,0,93269.5534,996858.466,1058839.9847,61981.5187,15.949446168957065,4.181301848920974,20.130748017878037,2036.0,2036.0,2036.0,20.5343,0,19.2177,3.8072,13.4372,20.5214,277864.3825,86629.5998,91008.7098,639663.8763,7821.033
145,145,65,8,1250000,215683.4958,6566.3648,222249.8606,93269.5534,0,93269.5534,996858.466,1058839.9847,61981.5187,16.676402742903615,3.8412691172459126,20.517671860149527,2038.0,2037.0,2037.0,21.449,0,19.6313,3.7336,10.4253,22.6437,282340.9994,86629.5998,110661.925,708992.4148,7110.03
146,146,70,8,1250000,252133.0184,16268.3073,268401.3258,93269.5534,0,93269.5534,996858.466,1058839.9847,61981.5187,16.676402742903615,4.186779583427487,20.863182326331103,2038.0,2038.0,2038.0,21.449,0,20.047,3.6702,13.6193,20.4943,286291.7641,86629.5998,130427.4176,778213.7709,6463.6636
147,147,40,9,950000,34909.4877,-29147.6622,5761.8254,77369.5534,0,77369.5534,996858.466,1063597.7733,66739.3073,12.580449239419396,4.657736755088523,17.23818599450792,2030.0,2031.0,2031.0,18.1264,0,17.6289,3.6979,16.1168,14.9333,247734.0776,71469.5446,17103.1439,354664.4434,12595.8518
148,148,45,9,950000,69959.6848,-19052.3908,50907.294,77369.5534,0,77369.5534,996858.466,1063597.7733,66739.3073,13.955177034163455,4.702101025488559,18.657278059652015,2032.0,2033.0,2033.0,18.8632,0,18.2632,3.4135,16.2494,14.8616,263589.7416,71469.5446,35539.638,431916.0132,10409.7949
149,149,50,9,950000,105985.6944,-10384.8164,95600.878,77369.5534,0,77369.5534,996858.466,1063597.7733,66739.3073,15.055493633830446,4.154114039887161,19.20960767371761,2034.0,2034.0,2034.0,19.6715,0,18.6283,3.3133,14.2776,17.1361,269980.9782,71469.5446,54494.3611,501009.2118,9463.4499
150,150,55,9,950000,142017.3327,-1170.4674,140846.8653,77369.5534,0,77369.5534,996858.466,1063597.7733,66739.3073,15.525215809263823,4.171650995284624,19.69686680454845,2035.0,2035.0,2035.0,20.0966,0,19.0128,3.2295,14.3715,17.0643,275644.0922,71469.5446,73735.5527,570299.1911,8603.1363
151,151,60,9,950000,178465.5129,8031.8806,186497.3935,77369.5534,0,77369.5534,996858.466,1063597.7733,66739.3073,15.949446168957065,4.181301848920974,20.130748017878037,2036.0,2036.0,2036.0,20.5343,0,19.4119,3.1582,14.484,17.023,280680.4809,71469.5446,93195.4243,639663.8763,7821.033
152,152,65,9,950000,215683.4958,16756.2841,232439.7799,77369.5534,0,77369.5534,996858.466,1063597.7733,66739.3073,16.676402742903615,3.8412691172459126,20.517671860149527,2038.0,2037.0,2037.0,21.449,0,19.8217,3.0971,11.5804,18.7836,285157.0978,71469.5446,112815.9626,708992.4148,7110.03
153,153,70,9,950000,252133.0184,26488.4857,278621.5041,77369.5534,0,77369.5534,996858.466,1063597.7733,66739.3073,16.676402742903615,4.186779583427487,20.863182326331103,2038.0,2038.0,2038.0,21.449,0,20.2342,3.0445,14.6648,17.0006,289107.8625,71469.5446,132551.196,778213.7709,6463.6636
154,154,40,9,1000000,34909.4877,-31189.6914,3719.7963,80019.5534,0,80019.5534,996858.466,1063597.7733,66739.3073,12.580449239419396,4.657736755088523,17.23818599450792,2030.0,2031.0,2031.0,18.1264,0,17.6289,3.8245,16.1168,15.4448,247734.0776,73996.2205,16618.4972,354664.4434,12595.8518
155,155,45,9,1000000,69959.6848,-21055.3797,48904.3052,80019.5534,0,80019.5534,996858.466,1063597.7733,66739.3073,13.955177034163455,4.702101025488559,18.657278059652015,2032.0,2033.0,2033.0,18.8632,0,18.2632,3.5304,16.2494,15.3706,263589.7416,73996.2205,35015.951,431916.0132,10409.7949
156,156,50,9,1000000,105985.6944,-12394.2042,93591.4902,80019.5534,0,80019.5534,996858.466,1063597.7733,66739.3073,15.055493633830446,4.154114039887161,19.20960767371761,2034.0,2034.0,2034.0,19.6715,0,18.6283,3.4268,14.2776,17.723,269980.9782,73996.2205,53977.073,501009.2118,9463.4499
157,157,55,9,1000000,142017.3327,-3186.0368,138831.2958,80019.5534,0,80019.5534,996858.466,1063597.7733,66739.3073,15.525215809263823,4.171650995284624,19.69686680454845,2035.0,2035.0,2035.0,20.0966,0,19.0128,3.3401,14.3715,17.6488,275644.0922,73996.2205,73224.4463,570299.1911,8603.1363
158,158,60,9,1000000,178465.5129,6010.4621,184475.975,80019.5534,0,80019.5534,996858.466,1063597.7733,66739.3073,15.949446168957065,4.181301848920974,20.130748017878037,2036.0,2036.0,2036.0,20.5343,0,19.4119,3.2664,14.484,17.6061,280680.4809,73996.2205,92690.167,639663.8763,7821.033
159,159,65,9,1000000,215683.4958,14729.4194,230412.9152,80019.5534,0,80019.5534,996858.466,1063597.7733,66739.3073,16.676402742903615,3.8412691172459126,20.517671860149527,2038.0,2037.0,2037.0,21.449,0,19.8217,3.2032,11.5804,19.4269,285157.0978,73996.2205,112316.1514,708992.4148,7110.03
160,160,70,9,1000000,252133.0184,24456.5778,276589.5963,80019.5534,0,80019.5534,996858.466,1063597.7733,66739.3073,16.676402742903615,4.186779583427487,20.863182326331103,2038.0,2038.0,2038.0,21.449,0,20.2342,3.1488,14.6648,17.5829,289107.8625,73996.2205,132056.428,778213.7709,6463.6636
161,161,40,9,1050000,34909.4877,-33231.7206,1677.7671,82669.5534,0,82669.5534,996858.466,1063597.7733,66739.3073,12.580449239419396,4.657736755088523,17.23818599450792,2030.0,2031.0,2031.0,18.1264,0,17.6289,3.9512,16.1168,15.9563,247734.0776,76522.8964,16133.8505,354664.4434,12595.8518
162,162,45,9,1050000,69959.6848,-23064.5171,46895.1677,82669.5534,0,82669.5534,996858.466,1063597.7733,66739.3073,13.955177034163455,4.702101025488559,18.657278059652015,2032.0,2033.0,2033.0,18.8632,0,18.2632,3.6473,16.2494,15.8797,263589.7416,76522.8964,34498.4127,431916.0132,10409.7949
163,163,50,9,1050000,105985.6944,-14403.592,91582.1024,82669.5534,0,82669.5534,996858.466,1063597.7733,66739.3073,15.055493633830446,4.154114039887161,19.20960767371761,2034.0,2034.0,2034.0,19.6715,0,18.6283,3.5403,14.2776,18.31,269980.9782,76522.8964,53459.785,501009.2118,9463.4499
164,164,55,9,1050000,142017.3327,-5201.6063,136815.7264,82669.5534,0,82669.5534,996858.466,1063597.7733,66739.3073,15.525215809263823,4.171650995284624,19.69686680454845,2035.0,2035.0,2035.0,20.0966,0,19.0128,3.4507,14.3715,18.2332,275644.0922,76522.8964,72713.3399,570299.1911,8603.1363
165,165,60,9,1050000,178465.5129,3989.0436,182454.5565,82669.5534,0,82669.5534,996858.466,1063597.7733,66739.3073,15.949446168957065,4.181301848920974,20.130748017878037,2036.0,2036.0,2036.0,20.5343,0,19.4119,3.3745,14.484,18.1891,280680.4809,76522.8964,92184.9096,639663.8763,7821.033
166,166,65,9,1050000,215683.4958,12702.5547,228386.0505,82669.5534,0,82669.5534,996858.466,1063597.7733,66739.3073,16.676402742903615,3.8412691172459126,20.517671860149527,2038.0,2037.0,2037.0,21.449,0,19.8217,3.3093,11.5804,20.0703,285157.0978,76522.8964,111816.3402,708992.4148,7110.03
167,167,70,9,1050000,252133.0184,22424.67,274557.6884,82669.5534,0,82669.5534,996858.466,1063597.7733,66739.3073,16.676402742903615,4.186779583427487,20.863182326331103,2038.0,2038.0,2038.0,21.449,0,20.2342,3.2531,14.6648,18.1651,289107.8625,76522.8964,131561.66,778213.7709,6463.6636
168,168,40,9,1100000,34909.4877,-35273.7497,-364.262,85319.5534,0,85319.5534,996858.466,1063597.7733,66739.3073,12.580449239419396,4.657736755088523,17.23818599450792,2030.0,2031.0,2031.0,18.1264,0,17.6289,4.0778,16.1168,16.4678,247734.0776,79049.5722,15649.2038,354664.4434,12595.8518
169,169,45,9,1100000,69959.6848,-25079.8178,44879.867,85319.5534,0,85319.5534,996858.466,1063597.7733,66739.3073,13.955177034163455,4.702101025488559,18.657278059652015,2032.0,2033.0,2033.0,18.8632,0,18.2632,3.7642,16.2494,16.3887,263589.7416,79049.5722,33987.0375,431916.0132,10409.7949
170,170,50,9,1100000,105985.6944,-16412.9798,89572.7146,85319.5534,0,85319.5534,996858.466,1063597.7733,66739.3073,15.055493633830446,4.154114039887161,19.20960767371761,2034.0,2034.0,2034.0,19.6715,0,18.6283,3.6538,14.2776,18.8969,269980.9782,79049.5722,52942.4969,501009.2118,9463.4499
171,171,55,9,1100000,142017.3327,-7217.1757,134800.1569,85319.5534,0,85319.5534,996858.466,1063597.7733,66739.3073,15.525215809263823,4.171650995284624,19.69686680454845,2035.0,2035.0,2035.0,20.0966,0,19.0128,3.5613,14.3715,18.8177,275644.0922,79049.5722,72202.2335,570299.1911,8603.1363
172,172,60,9,1100000,178465.5129,1967.6251,180433.1379,85319.5534,0,85319.5534,996858.466,1063597.7733,66739.3073,15.949446168957065,4.181301848920974,20.130748017878037,2036.0,2036.0,2036.0,20.5343,0,19.4119,3.4827,14.484,18.7722,280680.4809,79049.5722,91679.6523,639663.8763,7821.033
173,173,65,9,1100000,215683.4958,10675.69,226359.1858,85319.5534,0,85319.5534,996858.466,1063597.7733,66739.3073,16.676402742903615,3.8412691172459126,20.517671860149527,2038.0,2037.0,2037.0,21.449,0,19.8217,3.4154,11.5804,20.7137,285157.0978,79049.5722,111316.529,708992.4148,7110.03
174,174,70,9,1100000,252133.0184,20392.7621,272525.7805,85319.5534,0,85319.5534,996858.466,1063597.7733,66739.3073,16.676402742903615,4.186779583427487,20.863182326331103,2038.0,2038.0,2038.0,21.449,0,20.2342,3.3574,14.6648,18.7474,289107.8625,79049.5722,131066.892,778213.7709,6463.6636
175,175,40,9,1150000,34909.4877,-37315.7789,-2406.2912,87969.5534,0,87969.5534,996858.466,1063597.7733,66739.3073,12.580449239419396,4.657736755088523,17.23818599450792,2030.0,2031.0,2031.0,18.1264,0,17.6289,4.2045,16.1168,16.9793,247734.0776,81576.2481,15164.5571,354664.4434,12595.8518
176,176,45,9,1150000,69959.6848,-27095.1185,42864.5663,87969.5534,0,87969.5534,996858.466,1063597.7733,66739.3073,13.955177034163455,4.702101025488559,18.657278059652015,2032.0,2033.0,2033.0,18.8632,0,18.2632,3.8811,16.2494,16.8977,263589.7416,81576.2481,33475.6623,431916.0132,10409.7949
177,177,50,9,1150000,105985.6944,-18422.3677,87563.3268,87969.5534,0,87969.5534,996858.466,1063597.7733,66739.3073,15.055493633830446,4.154114039887161,19.20960767371761,2034.0,2034.0,2034.0,19.6715,0,18.6283,3.7673,14.2776,19.4838,269980.9782,81576.2481,52425.2089,501009.2118,9463.4499
178,178,55,9,1150000,142017.3327,-9232.7452,132784.5875,87969.5534,0,87969.5534,996858.466,1063597.7733,66739.3073,15.525215809263823,4.171650995284624,19.69686680454845,2035.0,2035.0,2035.0,20.0966,0,19.0128,3.6719,14.3715,19.4022,275644.0922,81576.2481,71691.127,570299.1911,8603.1363
179,179,60,9,1150000,178465.5129,-53.7934,178411.7194,87969.5534,0,87969.5534,996858.466,1063597.7733,66739.3073,15.949446168957065,4.181301848920974,20.130748017878037,2036.0,2036.0,2036.0,20.5343,0,19.4119,3.5909,14.484,19.3552,280680.4809,81576.2481,91174.395,639663.8763,7821.033
180,180,65,9,1150000,215683.4958,8648.8253,224332.3211,87969.5534,0,87969.5534,996858.466,1063597.7733,66739.3073,16.676402742903615,3.8412691172459126,20.517671860149527,2038.0,2037.0,2037.0,21.449,0,19.8217,3.5215,11.5804,21.357,285157.0978,81576.2481,110816.7179,708992.4148,7110.03
181,181,70,9,1150000,252133.0184,18360.8542,270493.8727,87969.5534,0,87969.5534,996858.466,1063597.7733,66739.3073,16.676402742903615,4.186779583427487,20.863182326331103,2038.0,2038.0,2038.0,21.449,0,20.2342,3.4616,14.6648,19.3297,289107.8625,81576.2481,130572.124,778213.7709,6463.6636
182,182,40,9,1200000,34909.4877,-39357.808,-4448.3204,90619.5534,0,90619.5534,996858.466,1063597.7733,66739.3073,12.580449239419396,4.657736755088523,17.23818599450792,2030.0,2031.0,2031.0,18.1264,0,17.6289,4.3311,16.1168,17.4907,247734.0776,84102.924,14679.9104,354664.4434,12595.8518
183,183,45,9,1200000,69959.6848,-29110.4192,40849.2656,90619.5534,0,90619.5534,996858.466,1063597.7733,66739.3073,13.955177034163455,4.702101025488559,18.657278059652015,2032.0,2033.0,2033.0,18.8632,0,18.2632,3.9981,16.2494,17.4068,263589.7416,84102.924,32964.2871,431916.0132,10409.7949
184,184,50,9,1200000,105985.6944,-20431.7555,85553.9389,90619.5534,0,90619.5534,996858.466,1063597.7733,66739.3073,15.055493633830446,4.154114039887161,19.20960767371761,2034.0,2034.0,2034.0,19.6715,0,18.6283,3.8807,14.2776,20.0708,269980.9782,84102.924,51907.9208,501009.2118,9463.4499
185,185,55,9,1200000,142017.3327,-11248.3147,130769.018,90619.5534,0,90619.5534,996858.466,1063597.7733,66739.3073,15.525215809263823,4.171650995284624,19.69686680454845,2035.0,2035.0,2035.0,20.0966,0,19.0128,3.7825,14.3715,19.9867,275644.0922,84102.924,71180.0206,570299.1911,8603.1363
186,186,60,9,1200000,178465.5129,-2075.212,176390.3009,90619.5534,0,90619.5534,996858.466,1063597.7733,66739.3073,15.949446168957065,4.181301848920974,20.130748017878037,2036.0,2036.0,2036.0,20.5343,0,19.4119,3.6991,14.484,19.9383,280680.4809,84102.924,90669.1376,639663.8763,7821.033
187,187,65,9,1200000,215683.4958,6621.9606,222305.4565,90619.5534,0,90619.5534,996858.466,1063597.7733,66739.3073,16.676402742903615,3.8412691172459126,20.517671860149527,2038.0,2037.0,2037.0,21.449,0,19.8217,3.6275,11.5804,22.0004,285157.0978,84102.924,110316.9067,708992.4148,7110.03
188,188,70,9,1200000,252133.0184,16328.9464,268461.9648,90619.5534,0,90619.5534,996858.466,1063597.7733,66739.3073,16.676402742903615,4.186779583427487,20.863182326331103,2038.0,2038.0,2038.0,21.449,0,20.2342,3.5659,14.6648,19.912,289107.8625,84102.924,130077.3561,778213.7709,6463.6636
189,189,40,9,1250000,34909.4877,-41399.8372,-6490.3495,93269.5534,0,93269.5534,996858.466,1063597.7733,66739.3073,12.580449239419396,4.657736755088523,17.23818599450792,2030.0,2031.0,2031.0,18.1264,0,17.6289,4.4578,16.1168,18.0022,247734.0776,86629.5998,14195.2637,354664.4434,12595.8518
190,190,45,9,1250000,69959.6848,-31125.7199,38833.965,93269.5534,0,93269.5534,996858.466,1063597.7733,66739.3073,13.955177034163455,4.702101025488559,18.657278059652015,2032.0,2033.0,2033.0,18.8632,0,18.2632,4.115,16.2494,17.9158,263589.7416,86629.5998,32452.9119,431916.0132,10409.7949
191,191,50,9,1250000,105985.6944,-22441.1433,83544.5511,93269.5534,0,93269.5534,996858.466,1063597.7733,66739.3073,15.055493633830446,4.154114039887161,19.20960767371761,2034.0,2034.0,2034.0,19.6715,0,18.6283,3.9942,14.2776,20.6577,269980.9782,86629.5998,51390.6327,501009.2118,9463.4499
192,192,55,9,1250000,142017.3327,-13263.8841,128753.4486,93269.5534,0,93269.5534,996858.466,1063597.7733,66739.3073,15.525215809263823,4.171650995284624,19.69686680454845,2035.0,2035.0,2035.0,20.0966,0,19.0128,3.8932,14.3715,20.5711,275644.0922,86629.5998,70668.9142,570299.1911,8603.1363
193,193,60,9,1250000,178465.5129,-4096.6305,174368.8824,93269.5534,0,93269.5534,996858.466,1063597.7733,66739.3073,15.949446168957065,4.181301848920974,20.130748017878037,2036.0,2036.0,2036.0,20.5343,0,19.4119,3.8072,14.484,20.5214,280680.4809,86629.5998,90163.8803,639663.8763,7821.033
194,194,65,9,1250000,215683.4958,4595.096,220278.5918,93269.5534,0,93269.5534,996858.466,1063597.7733,66739.3073,16.676402742903615,3.8412691172459126,20.517671860149527,2038.0,2037.0,2037.0,21.449,0,19.8217,3.7336,11.5804,22.6437,285157.0978,86629.5998,109817.0955,708992.4148,7110.03
195,195,70,9,1250000,252133.0184,14297.0385,266430.0569,93269.5534,0,93269.5534,996858.466,1063597.7733,66739.3073,16.676402742903615,4.186779583427487,20.863182326331103,2038.0,2038.0,2038.0,21.449,0,20.2342,3.6702,14.6648,20.4943,289107.8625,86629.5998,129582.5881,778213.7709,6463.6636
196,196,40,10,950000,34909.4877,-31317.673,3591.8147,77369.5534,0,77369.5534,996858.466,1068355.5618,71497.0958,12.580449239419396,4.657736755088523,17.23818599450792,2030.0,2031.0,2031.0,18.1264,0,17.8525,3.6979,17.0199,14.9333,250521.3127,71469.5446,16485.9196,354664.4434,12595.8518
197,197,45,10,950000,69959.6848,-21023.6597,48936.0252,77369.5534,0,77369.5534,996858.466,1068355.5618,71497.0958,13.955177034163455,4.702101025488559,18.657278059652015,2032.0,2033.0,2033.0,18.8632,0,18.4732,3.4135,17.1633,14.8616,266405.84,71469.5446,34694.8085,431916.0132,10409.7949
198,198,50,10,950000,105985.6944,-12356.0853,93629.6091,77369.5534,0,77369.5534,996858.466,1068355.5618,71497.0958,15.055493633830446,4.154114039887161,19.20960767371761,2034.0,2034.0,2034.0,19.6715,0,18.832,3.3133,15.3314,17.1361,272797.0766,71469.5446,53649.5316,501009.2118,9463.4499
199,199,55,10,950000,142017.3327,-3141.7362,138875.5964,77369.5534,0,77369.5534,996858.466,1068355.5618,71497.0958,15.525215809263823,4.171650995284624,19.69686680454845,2035.0,2035.0,2035.0,20.0966,0,19.2114,3.2295,15.4208,17.0643,278460.1906,71469.5446,72890.7232,570299.1911,8603.1363
200,200,60,10,950000,178465.5129,6060.6118,184526.1247,77369.5534,0,77369.5534,996858.466,1068355.5618,71497.0958,15.949446168957065,4.181301848920974,20.130748017878037,2036.0,2036.0,2036.0,20.5343,0,19.6061,3.1582,15.5308,17.023,283496.5792,71469.5446,92350.5948,639663.8763,7821.033
201,201,65,10,950000,215683.4958,14785.0152,230468.511,77369.5534,0,77369.5534,996858.466,1068355.5618,71497.0958,16.676402742903615,3.8412691172459126,20.517671860149527,2038.0,2037.0,2037.0,21.449,0,20.0122,3.0971,12.7355,18.7836,287973.1961,71469.5446,111971.1331,708992.4148,7110.03
202,202,70,10,950000,252133.0184,24517.2169,276650.2353,77369.5534,0,77369.5534,996858.466,1068355.5618,71497.0958,16.676402742903615,4.186779583427487,20.863182326331103,2038.0,2038.0,2038.0,21.449,0,20.4214,3.0445,15.7102,17.0006,291923.9608,71469.5446,131706.3665,778213.7709,6463.6636
203,203,40,10,1000000,34909.4877,-33359.7021,1549.7855,80019.5534,0,80019.5534,996858.466,1068355.5618,71497.0958,12.580449239419396,4.657736755088523,17.23818599450792,2030.0,2031.0,2031.0,18.1264,0,17.8525,3.8245,17.0199,15.4448,250521.3127,73996.2205,16001.2729,354664.4434,12595.8518
204,204,45,10,1000000,69959.6848,-23029.1443,46930.5405,80019.5534,0,80019.5534,996858.466,1068355.5618,71497.0958,13.955177034163455,4.702101025488559,18.657278059652015,2032.0,2033.0,2033.0,18.8632,0,18.4732,3.5304,17.1633,15.3706,266405.84,73996.2205,34173.6173,431916.0132,10409.7949
205,205,50,10,1000000,105985.6944,-14365.4731,91620.2213,80019.5534,0,80019.5534,996858.466,1068355.5618,71497.0958,15.055493633830446,4.154114039887161,19.20960767371761,2034.0,2034.0,2034.0,19.6715,0,18.832,3.4268,15.3314,17.723,272797.0766,73996.2205,53132.2435,501009.2118,9463.4499
206,206,55,10,1000000,142017.3327,-5157.3057,136860.027,80019.5534,0,80019.5534,996858.466,1068355.5618,71497.0958,15.525215809263823,4.171650995284624,19.69686680454845,2035.0,2035.0,2035.0,20.0966,0,19.2114,3.3401,15.4208,17.6488,278460.1906,73996.2205,72379.6168,570299.1911,8603.1363
207,207,60,10,1000000,178465.5129,4039.1933,182504.7061,80019.5534,0,80019.5534,996858.466,1068355.5618,71497.0958,15.949446168957065,4.181301848920974,20.130748017878037,2036.0,2036.0,2036.0,20.5343,0,19.6061,3.2664,15.5308,17.6061,283496.5792,73996.2205,91845.3375,639663.8763,7821.033
208,208,65,10,1000000,215683.4958,12758.1505,228441.6464,80019.5534,0,80019.5534,996858.466,1068355.5618,71497.0958,16.676402742903615,3.8412691172459126,20.517671860149527,2038.0,2037.0,2037.0,21.449,0,20.0122,3.2032,12.7355,19.4269,287973.1961,73996.2205,111471.3219,708992.4148,7110.03
209,209,70,10,1000000,252133.0184,22485.309,274618.3274,80019.5534,0,80019.5534,996858.466,1068355.5618,71497.0958,16.676402742903615,4.186779583427487,20.863182326331103,2038.0,2038.0,2038.0,21.449,0,20.4214,3.1488,15.7102,17.5829,291923.9608,73996.2205,131211.5985,778213.7709,6463.6636
210,210,40,10,1050000,34909.4877,-35401.7313,-492.2436,82669.5534,0,82669.5534,996858.466,1068355.5618,71497.0958,12.580449239419396,4.657736755088523,17.23818599450792,2030.0,2031.0,2031.0,18.1264,0,17.8525,3.9512,17.0199,15.9563,250521.3127,76522.8964,15516.6262,354664.4434,12595.8518
211,211,45,10,1050000,69959.6848,-25044.445,44915.2399,82669.5534,0,82669.5534,996858.466,1068355.5618,71497.0958,13.955177034163455,4.702101025488559,18.657278059652015,2032.0,2033.0,2033.0,18.8632,0,18.4732,3.6473,17.1633,15.8797,266405.84,76522.8964,33662.2421,431916.0132,10409.7949
212,212,50,10,1050000,105985.6944,-16374.8609,89610.8335,82669.5534,0,82669.5534,996858.466,1068355.5618,71497.0958,15.055493633830446,4.154114039887161,19.20960767371761,2034.0,2034.0,2034.0,19.6715,0,18.832,3.5403,15.3314,18.31,272797.0766,76522.8964,52614.9555,501009.2118,9463.4499
213,213,55,10,1050000,142017.3327,-7172.8751,134844.4575,82669.5534,0,82669.5534,996858.466,1068355.5618,71497.0958,15.525215809263823,4.171650995284624,19.69686680454845,2035.0,2035.0,2035.0,20.0966,0,19.2114,3.4507,15.4208,18.2332,278460.1906,76522.8964,71868.5104,570299.1911,8603.1363
214,214,60,10,1050000,178465.5129,2017.7748,180483.2876,82669.5534,0,82669.5534,996858.466,1068355.5618,71497.0958,15.949446168957065,4.181301848920974,20.130748017878037,2036.0,2036.0,2036.0,20.5343,0,19.6061,3.3745,15.5308,18.1891,283496.5792,76522.8964,91340.0801,639663.8763,7821.033
215,215,65,10,1050000,215683.4958,10731.2859,226414.7817,82669.5534,0,82669.5534,996858.466,1068355.5618,71497.0958,16.676402742903615,3.8412691172459126,20.517671860149527,2038.0,2037.0,2037.0,21.449,0,20.0122,3.3093,12.7355,20.0703,287973.1961,76522.8964,110971.5107,708992.4148,7110.03
216,216,70,10,1050000,252133.0184,20453.4011,272586.4195,82669.5534,0,82669.5534,996858.466,1068355.5618,71497.0958,16.676402742903615,4.186779583427487,20.863182326331103,2038.0,2038.0,2038.0,21.449,0,20.4214,3.2531,15.7102,18.1651,291923.9608,76522.8964,130716.8305,778213.7709,6463.6636
217,217,40,10,1100000,34909.4877,-37443.7604,-2534.2728,85319.5534,0,85319.5534,996858.466,1068355.5618,71497.0958,12.580449239419396,4.657736755088523,17.23818599450792,2030.0,2031.0,2031.0,18.1264,0,17.8525,4.0778,17.0199,16.4678,250521.3127,79049.5722,15031.9795,354664.4434,12595.8518
218,218,45,10,1100000,69959.6848,-27059.7457,42899.9392,85319.5534,0,85319.5534,996858.466,1068355.5618,71497.0958,13.955177034163455,4.702101025488559,18.657278059652015,2032.0,2033.0,2033.0,18.8632,0,18.4732,3.7642,17.1633,16.3887,266405.84,79049.5722,33150.867,431916.0132,10409.7949
219,219,50,10,1100000,105985.6944,-18384.2487,87601.4457,85319.5534,0,85319.5534,996858.466,1068355.5618,71497.0958,15.055493633830446,4.154114039887161,19.20960767371761,2034.0,2034.0,2034.0,19.6715,0,18.832,3.6538,15.3314,18.8969,272797.0766,79049.5722,52097.6674,501009.2118,9463.4499
220,220,55,10,1100000,142017.3327,-9188.4446,132828.8881,85319.5534,0,85319.5534,996858.466,1068355.5618,71497.0958,15.525215809263823,4.171650995284624,19.69686680454845,2035.0,2035.0,2035.0,20.0966,0,19.2114,3.5613,15.4208,18.8177,278460.1906,79049.5722,71357.4039,570299.1911,8603.1363
221,221,60,10,1100000,178465.5129,-3.6438,178461.8691,85319.5534,0,85319.5534,996858.466,1068355.5618,71497.0958,15.949446168957065,4.181301848920974,20.130748017878037,2036.0,2036.0,2036.0,20.5343,0,19.6061,3.4827,15.5308,18.7722,283496.5792,79049.5722,90834.8228,639663.8763,7821.033
222,222,65,10,1100000,215683.4958,8704.4212,224387.917,85319.5534,0,85319.5534,996858.466,1068355.5618,71497.0958,16.676402742903615,3.8412691172459126,20.517671860149527,2038.0,2037.0,2037.0,21.449,0,20.0122,3.4154,12.7355,20.7137,287973.1961,79049.5722,110471.6995,708992.4148,7110.03
223,223,70,10,1100000,252133.0184,18421.4933,270554.5117,85319.5534,0,85319.5534,996858.466,1068355.5618,71497.0958,16.676402742903615,4.186779583427487,20.863182326331103,2038.0,2038.0,2038.0,21.449,0,20.4214,3.3574,15.7102,18.7474,291923.9608,79049.5722,130222.0625,778213.7709,6463.6636
224,224,40,10,1150000,34909.4877,-39485.7896,-4576.3019,87969.5534,0,87969.5534,996858.466,1068355.5618,71497.0958,12.580449239419396,4.657736755088523,17.23818599450792,2030.0,2031.0,2031.0,18.1264,0,17.8525,4.2045,17.0199,16.9793,250521.3127,81576.2481,14547.3328,354664.4434,12595.8518
225,225,45,10,1150000,69959.6848,-29075.0463,40884.6385,87969.5534,0,87969.5534,996858.466,1068355.5618,71497.0958,13.955177034163455,4.702101025488559,18.657278059652015,2032.0,2033.0,2033.0,18.8632,0,18.4732,3.8811,17.1633,16.8977,266405.84,81576.2481,32639.4918,431916.0132,10409.7949
226,226,50,10,1150000,105985.6944,-20393.6365,85592.0579,87969.5534,0,87969.5534,996858.466,1068355.5618,71497.0958,15.055493633830446,4.154114039887161,19.20960767371761,2034.0,2034.0,2034.0,19.6715,0,18.832,3.7673,15.3314,19.4838,272797.0766,81576.2481,51580.3794,501009.2118,9463.4499
227,227,55,10,1150000,142017.3327,-11204.014,130813.3186,87969.5534,0,87969.5534,996858.466,1068355.5618,71497.0958,15.525215809263823,4.171650995284624,19.69686680454845,2035.0,2035.0,2035.0,20.0966,0,19.2114,3.6719,15.4208,19.4022,278460.1906,81576.2481,70846.2975,570299.1911,8603.1363
228,228,60,10,1150000,178465.5129,-2025.0623,176440.4506,87969.5534,0,87969.5534,996858.466,1068355.5618,71497.0958,15.949446168957065,4.181301848920974,20.130748017878037,2036.0,2036.0,2036.0,20.5343,0,19.6061,3.5909,15.5308,19.3552,283496.5792,81576.2481,90329.5655,639663.8763,7821.033
229,229,65,10,1150000,215683.4958,6677.5565,222361.0523,87969.5534,0,87969.5534,996858.466,1068355.5618,71497.0958,16.676402742903615,3.8412691172459126,20.517671860149527,2038.0,2037.0,2037.0,21.449,0,20.0122,3.5215,12.7355,21.357,287973.1961,81576.2481,109971.8884,708992.4148,7110.03
230,230,70,10,1150000,252133.0184,16389.5854,268522.6038,87969.5534,0,87969.5534,996858.466,1068355.5618,71497.0958,16.676402742903615,4.186779583427487,20.863182326331103,2038.0,2038.0,2038.0,21.449,0,20.4214,3.4616,15.7102,19.3297,291923.9608,81576.2481,129727.2945,778213.7709,6463.6636
231,231,40,10,1200000,34909.4877,-41527.8188,-6618.3311,90619.5534,0,90619.5534,996858.466,1068355.5618,71497.0958,12.580449239419396,4.657736755088523,17.23818599450792,2030.0,2031.0,2031.0,18.1264,0,17.8525,4.3311,17.0199,17.4907,250521.3127,84102.924,14062.6861,354664.4434,12595.8518
232,232,45,10,1200000,69959.6848,-31090.347,38869.3378,90619.5534,0,90619.5534,996858.466,1068355.5618,71497.0958,13.955177034163455,4.702101025488559,18.657278059652015,2032.0,2033.0,2033.0,18.8632,0,18.4732,3.9981,17.1633,17.4068,266405.84,84102.924,32128.1166,431916.0132,10409.7949
233,233,50,10,1200000,105985.6944,-22403.0243,83582.6701,90619.5534,0,90619.5534,996858.466,1068355.5618,71497.0958,15.055493633830446,4.154114039887161,19.20960767371761,2034.0,2034.0,2034.0,19.6715,0,18.832,3.8807,15.3314,20.0708,272797.0766,84102.924,51063.0913,501009.2118,9463.4499
234,234,55,10,1200000,142017.3327,-13219.5835,128797.7492,90619.5534,0,90619.5534,996858.466,1068355.5618,71497.0958,15.525215809263823,4.171650995284624,19.69686680454845,2035.0,2035.0,2035.0,20.0966,0,19.2114,3.7825,15.4208,19.9867,278460.1906,84102.924,70335.1911,570299.1911,8603.1363
235,235,60,10,1200000,178465.5129,-4046.4808,174419.032,90619.5534,0,90619.5534,996858.466,1068355.5618,71497.0958,15.949446168957065,4.181301848920974,20.130748017878037,2036.0,2036.0,2036.0,20.5343,0,19.6061,3.6991,15.5308,19.9383,283496.5792,84102.924,89824.3081,639663.8763,7821.033
236,236,65,10,1200000,215683.4958,4650.6918,220334.1876,90619.5534,0,90619.5534,996858.466,1068355.5618,71497.0958,16.676402742903615,3.8412691172459126,20.517671860149527,2038.0,2037.0,2037.0,21.449,0,20.0122,3.6275,12.7355,22.0004,287973.1961,84102.924,109472.0772,708992.4148,7110.03
237,237,70,10,1200000,252133.0184,14357.6775,266490.6959,90619.5534,0,90619.5534,996858.466,1068355.5618,71497.0958,16.676402742903615,4.186779583427487,20.863182326331103,2038.0,2038.0,2038.0,21.449,0,20.4214,3.5659,15.7102,19.912,291923.9608,84102.924,129232.5265,778213.7709,6463.6636
238,238,40,10,1250000,34909.4877,-43569.8479,-8660.3602,93269.5534,0,93269.5534,996858.466,1068355.5618,71497.0958,12.580449239419396,4.657736755088523,17.23818599450792,2030.0,2031.0,2031.0,18.1264,0,17.8525,4.4578,17.0199,18.0022,250521.3127,86629.5998,13578.0394,354664.4434,12595.8518
239,239,45,10,1250000,69959.6848,-33105.6477,36854.0371,93269.5534,0,93269.5534,996858.466,1068355.5618,71497.0958,13.955177034163455,4.702101025488559,18.657278059652015,2032.0,2033.0,2033.0,18.8632,0,18.4732,4.115,17.1633,17.9158,266405.84,86629.5998,31616.7414,431916.0132,10409.7949
240,240,50,10,1250000,105985.6944,-24412.4121,81573.2823,93269.5534,0,93269.5534,996858.466,1068355.5618,71497.0958,15.055493633830446,4.154114039887161,19.20960767371761,2034.0,2034.0,2034.0,19.6715,0,18.832,3.9942,15.3314,20.6577,272797.0766,86629.5998,50545.8032,501009.2118,9463.4499
241,241,55,10,1250000,142017.3327,-15235.153,126782.1797,93269.5534,0,93269.5534,996858.466,1068355.5618,71497.0958,15.525215809263823,4.171650995284624,19.69686680454845,2035.0,2035.0,2035.0,20.0966,0,19.2114,3.8932,15.4208,20.5711,278460.1906,86629.5998,69824.0847,570299.1911,8603.1363
242,242,60,10,1250000,178465.5129,-6067.8993,172397.6135,93269.5534,0,93269.5534,996858.466,1068355.5618,71497.0958,15.949446168957065,4.181301848920974,20.130748017878037,2036.0,2036.0,2036.0,20.5343,0,19.6061,3.8072,15.5308,20.5214,283496.5792,86629.5998,89319.0508,639663.8763,7821.033
243,243,65,10,1250000,215683.4958,2623.8271,218307.3229,93269.5534,0,93269.5534,996858.466,1068355.5618,71497.0958,16.676402742903615,3.8412691172459126,20.517671860149527,2038.0,2037.0,2037.0,21.449,0,20.0122,3.7336,12.7355,22.6437,287973.1961,86629.5998,108972.266,708992.4148,7110.03
244,244,70,10,1250000,252133.0184,12325.7696,264458.7881,93269.5534,0,93269.5534,996858.466,1068355.5618,71497.0958,16.676402742903615,4.186779583427487,20.863182326331103,2038.0,2038.0,2038.0,21.449,0,20.4214,3.6702,15.7102,20.4943,291923.9608,86629.5998,128737.7586,778213.7709,6463.6636
